{
    "trucks": [
        {
            "id": "Alpha 5",
            "location": "Centerville"
        },
         {
            "id": "Alpha 8",
            "location": "City // HQ"
        },
        {
            "id": "Medic 0",
            "location": "City // HQ"
        },
        {
            "id": "Medic 1",
            "location": "City // HQ"
        },
        {
            "id": "Medic 2",
            "location": "Rock Springs"
        },
        {
            "id": "Medic 3",
            "location": "Homeland Park"
        },
        {
            "id": "Medic 4",
            "location": "Williamston"
        },
        {
            "id": "Medic 5",
            "location": "Hopewell"
        },
        {
            "id": "Medic 6",
            "location": "Iva"
        },
        {
            "id": "Medic 7",
            "location": "Pendleton"
        },
        {
            "id": "Medic 8",
            "location": "Townville"
        },
        {
            "id": "Medic 9",
            "location": "Centerville"
        },
        {
            "id": "Medic 10",
            "location": "Station M10"
        },
        {
            "id": "Medic 11",
            "location": "Station M11"
        },
        {
            "id": "Medic 12",
            "location": "City // HQ"
        },
        {
            "id": "Medic 13",
            "location": "Honea Path"
        },
        {
            "id": "Medic 14",
            "location": "Powdersville"
        },
        {
            "id": "Medic 15",
            "location": "Wren"
        },
        {
            "id": "Medic 16",
            "location": "Williamston"
        },
        {
            "id": "Medic 17",
            "location": "City // HQ"
        },
        {
            "id": "Medic 18",
            "location": "City // HQ"
        }
        }
    ],
    "Level_Movement": {
        "1": [
            "Medshore HQ"
        ],
        "2": [
            "Fire Station 1\nLiberty HWY"
        ],
        "3": [
            "Rock Springs\nWest Anderson\nWhite Plains "
        ],
        "4": [
            "ock Springs\nWest Anderson\nWhite Plains\n76/Welpine"
        ],
        "5": [
            "ock Springs\nWhite Plains\n76 & Welpine\nWestGate\n81/Fred Dean"
        ],
        "6": [
            "Rock Springs\nWhite Plains\nWhitefield\nWestGate\n81/Fred Dean\nLiberty Hwy"
        ],
        "7": [
            "Rock Springs\nWhite Plains\n76 & Welpine\nWestGate\n81/Fred Dean\nHQ\nWhitefield"
        ],
        "8": [
            "Rock Springs\nHomeland Park\nHonea Path\nWren\nIva\nWest Anderson\nWilliamston\nPendleton"
        ],
        "9": [
            "Rock Springs\nHomeland Park\nHonea Path\nWren\nIva\nWest Anderson\nWilliamston\nPendleton\nPowdersville"
        ],
        "10": [
            "Rock Springs\nHomeland Park\nHonea Path\nWren\nIva\nWest Anderson\nWilliamston\nPendleton\nPowdersville\nTownville"
        ],
        "11": [
            "Rock Springs\nHomeland Park\nHonea Path\nWren\nIva\nWest Anderson\nWilliamston\nPendleton\nPowdersville\nTownville\nHQ"
        ],
        "12": [
            "Rock Springs\nHomeland Park\nHonea Path\nWren\nIva\nWest Anderson\nWilliamston\nPendleton\nPowdersville\nTownville\nHQ\nHopeWell"
        ],
        "13": [
            "Rock Springs\nHomeland Park\nHonea Path\nWren\nIva\nWest Anderson\nWilliamston\nPendleton\nPowdersville\nTownville\nHQ\nHopeWell\nNorth Campus"
        ],
        "14": [
            "Rock Springs\nHomeland Park\nHonea Path\nWren\nIva\nWest Anderson\nWilliamston\nPendleton\nPowdersville\nTownville\nHQ\nHopeWell\nNorth Campus\nHQ"
        ],
        "15": [
            "Rock Springs\nHomeland Park\nHonea Path\nWren\nIva\nCenterville\nWilliamston\nPendleton\nPowdersville\nTownville\nHQ\nHopeWell\nNorth Campus\nHQ\nWest Anderson\n76 & Welpine"
        ],
        "16": [
            "Rock Springs\nHomeland Park\nHonea Path\nWren\nIva\nCenterville\nWilliamston\nPendleton\nPowdersville\nTownville\nHQ\nHopeWell\nNorth Campus\nHQ\nWest Anderson\n76 & Welpine\nWhiteField"
        ],
        "17": [
            "Rock Springs\nHomeland Park\nHonea Path\nWren\nIva\nCenterville\nWilliamston\nPendleton\nPowdersville\nTownville\nHQ\nHopeWell\nNorth Campus\nHQ x 2\nWest Anderson\n76 & Welpine\nWhiteField"
        ]
    }
}
